{
  "name": "hundun tasks",
  "task": [
    {
      "config": "0 0-18/6 * * * https://raw.githubusercontent.com/whyour/hundun/master/quanx/jd_818.js, tag=手机狂欢节, img-url=https://raw.githubusercontent.com/Orz-3/task/master/jd.png, enabled=true"
    },
    {
      "config": "0 9 * * * https://raw.githubusercontent.com/58xinian/Surge/master/Script/huke.js, tag=虎课网, img-url=https://raw.githubusercontent.com/58xinian/icon/master/huke.png, enabled=true"
    },
    {
      "config": "30 8-20/1 * * * https://raw.githubusercontent.com/whyour/hundun/master/quanx/caiyun.js, tag=彩云天气, img-url=https://raw.githubusercontent.com/Orz-3/task/master/caiyun.png, enabled=true"
    },
    {
      "config": "0 9 * * * https://raw.githubusercontent.com/Sunert/Scripts/master/Task/weibo.js, tag=微博, img-url=https://raw.githubusercontent.com/Orz-3/task/master/weibo.png, enabled=true"
    },
    {
      "config": "15 18 * * * https://raw.githubusercontent.com/whyour/hundun/master/quanx/donate-step.js, tag=捐步数, img-url=https://raw.githubusercontent.com/Orz-3/task/master/alipay.png, enabled=true"
    },
    {
      "config": "5 9 * * * https://raw.githubusercontent.com/Sunert/Scripts/master/Task/kuaishou.js, tag=快手极速版, img-url=https://raw.githubusercontent.com/Orz-3/task/master/kuaishou.png, enabled=true"
    },
    {
      "config": "3 9 * * * https://raw.githubusercontent.com/whyour/hundun/master/quanx/daymatter.js, tag=倒数日, img-url=https://raw.githubusercontent.com/Orz-3/task/master/daysmatter.png, enabled=true"
    },
    {
      "config": "8 9 * * * https://raw.githubusercontent.com/blackmatrix7/ios_rule_script/master/script/10010/unicom_checkin.js, tag=中国联通, img-url=https://raw.githubusercontent.com/Orz-3/task/master/10010.png, enabled=true"
    },
    {
      "config": "10 9 * * * https://raw.githubusercontent.com/chavyleung/scripts/master/meituan/meituan.js, tag=美团, img-url=https://raw.githubusercontent.com/Orz-3/task/master/meituan.png, enabled=true"
    },
    {
      "config": "12 9 * * * https://raw.githubusercontent.com/chavyleung/scripts/master/wps/wps.js, tag=WPS, img-url=https://raw.githubusercontent.com/Orz-3/task/master/wps.png, enabled=true"
    },
    {
      "config": "0 7 * * * https://raw.githubusercontent.com/zZPiglet/Task/master/Alipay/Alipay.js, tag=支付宝, img-url=https://raw.githubusercontent.com/Orz-3/task/master/alipay.png, enabled=true"
    },
    {
      "config": "0 9 * * * https://raw.githubusercontent.com/Peng-YM/QuanX/master/Tasks/exchange.js, tag=汇率监控, img-url=https://raw.githubusercontent.com/Orz-3/task/master/exchangerate.png, enabled=true"
    },
    {
      "config": "1 9 * * * https://raw.githubusercontent.com/whyour/hundun/master/quanx/jx_products_detail.js, tag=工厂商品, img-url=https://raw.githubusercontent.com/58xinian/icon/master/jxgc.png, enabled=true"
    },
    {
      "config": "1 9 * * * https://raw.githubusercontent.com/whyour/hundun/master/quanx/didi.js, tag=滴滴出行, img-url=https://raw.githubusercontent.com/Orz-3/task/master/didi.png, enabled=true"
    },
    {
      "config": "0 0 0 * * * https://raw.githubusercontent.com/whyour/hundun/master/quanx/jdzz.js, tag=京东赚赚, img-url=https://raw.githubusercontent.com/58xinian/icon/master/jdzz.png, enabled=true"
    },
    {
      "config": "10 9,18 * * * https://raw.githubusercontent.com/whyour/hundun/master/quanx/jx_nc.js, tag=京喜农场, img-url=https://raw.githubusercontent.com/58xinian/icon/master/jxnc.png, enabled=true"
    },
    {
      "config": "30 * * * * https://raw.githubusercontent.com/moposmall/Script/main/Me/jx_cfd.js, tag=京喜财富岛, img-url=https://raw.githubusercontent.com/58xinian/icon/master/jxcfd.png, enabled=true"
    },
    {
      "config": "10 1,6,10 * * * https://raw.githubusercontent.com/whyour/hundun/master/quanx/jx_factory_component.js, tag=京喜工厂plus, img-url=https://raw.githubusercontent.com/58xinian/icon/master/jdgc.png, enabled=true"
    },
    {
      "config": "30 * * * * https://raw.githubusercontent.com/whyour/hundun/master/quanx/jx_factory.js, tag=京喜工厂, img-url=https://raw.githubusercontent.com/58xinian/icon/master/jdgc.png, enabled=true"
    },
    {
      "config": "30 0 0 * * * https://raw.githubusercontent.com/whyour/hundun/master/quanx/ddxw.js, tag=东东小窝, img-url=https://raw.githubusercontent.com/58xinian/icon/master/ddxw.png, enabled=true"
    },
    {
      "config": "30 1 * * * * https://raw.githubusercontent.com/whyour/hundun/master/quanx/dd_factory.js, tag=东东工厂, img-url=https://raw.githubusercontent.com/58xinian/icon/master/jd_factory.png, enabled=true"
    },
    {
      "config": "10 0 * * * https://raw.githubusercontent.com/whyour/hundun/master/quanx/jd_collectBlueCoin.js, tag=🐶京小超领蓝币, img-url=https://raw.githubusercontent.com/Xirou/Script/master/jxc.PNG, enabled=true"
    }
  ],
  "description": "https://github.com/whyour/hundun"
}
